<?xml version="1.0" encoding="UTF-8"?>
<addon id="repository.jastrab"
   name="jastrab repositary"
   version="1.0.0"
   provider-name="jastrab">
   <extension point="xbmc.addon.repository">
      <dir minversion="18.9.0">
         <info compressed="false">http://jastrab.wz.sk/repo/addons.xml</info>
         <checksum>http://jastrab.wz.sk/repo/addons.xml.md5</checksum>
         <datadir zip="true">http://jastrab.wz.sk/repo/</datadir>
      </dir>
      <dir maxversion="18.9.0" minversion="16.0.0">
         <info compressed="false">http://jastrab.wz.sk/repo/_v18/addons.xml</info>
         <checksum>http://jastrab.wz.sk/repo/_v18/addons.xml.gz.md5</checksum>
         <datadir zip="true">http://jastrab.wz.sk/repo/_v18/</datadir>
      </dir>
   </extension>
   <extension point="xbmc.addon.metadata">
      <summary>Fix addons XBMC/Kodi</summary>
      <description>Fix addons XBMC/Kodi</description>
      <platform>all</platform>
      <language>sk</language>
       <assets>
           <icon>icon.png</icon>
       </assets>
   </extension>
</addon>
