<?xml version='1.0' encoding='utf-8'?>
<addon id="plugin.image.letaky" name="Online letáky" provider-name="Jastrab" version="0.2.0">
        <requires>
            <import addon="xbmc.python" version="3.0.0" />
            <import addon="script.module.requests"/>
            <!-- <import addon="script.module.requests" version="2.12.4"/> -->
        </requires>
        <extension point="xbmc.python.pluginsource" library="main.py">
            <provides>image</provides> 
        </extension>
        <extension point="xbmc.addon.metadata">
            <summary lang="en">Online letáky</summary>
            <summary lang="cs">Online letáky</summary>
            <summary lang="sk">Online letáky</summary>
            <description lang="en">Prezerenie akciových online letákov z rôznych obchodov ako Albert, Billa, Kaufland, Tesco, Lidl, DM, Jednota, Mojobchod, Fresh ..</description>
            <description lang="cs">Prezerenie akciových online letákov z rôznych obchodov ako Albert, Billa, Kaufland, Tesco, Lidl, DM, Coop, Mujobchod, Makro ..</description>
            <description lang="sk">Prezerenie akciových online letákov z rôznych obchodov ako Albert, Billa, Kaufland, Tesco, Lidl, DM, Jednota, Mojobchod, Fresh, Metro ...</description>
            <platform>all</platform>
            <news>[COLOR=violet][B]0.2.0:[/B][/COLOR] [COLOR=yellow] (20.10.2024)[/COLOR]
- fix url domena pre obrazky a ikony

[B]0.1.0:[/B][COLOR=yellow] (08.11.2023)[/COLOR]
- fix zobrazenie polky letaku

[B]0.0.9:[/B] [COLOR=yellow] (04.09.2022)[/COLOR]
- zmena cesty k serveru
- fix nacitavania dat
- zmena z dvojstran na jedno stranu

[B]0.0.8:[/B] [COLOR=yellow] (28.06.2022)[/COLOR]
+ kategoria [COLOR=orange]vyhladavanie v letakoch[/COLOR]
+ kategoria vsetky obchody
- nove letaky -> [COLOR=orange]160 SK[/COLOR] / [COLOR=orange]152 CZ[/COLOR]
- nove/doplnene loga
- zmena vyberu/filtrovania obchodov

[B]0.0.7.1:[/B] [COLOR=yellow] (27.05.2022)[/COLOR]
- fix pre android

[B]0.0.7:[/B] [COLOR=yellow] (09.05.2022)[/COLOR]
- nove letaky -> 110 CZ / 115 SK
- nove/doplnene loga
- zmena nacitavania loga
- fix cover miesto loga pri letaku
- fix stare letaky - max 3 posledne 

[B]0.0.6:[/B] [COLOR=yellow] (12.04.2022)[/COLOR]
- nove letaky
- nove/doplnene loga
- zmena nacitavania loga
    
[B]0.0.5:[/B] [COLOR=yellow](19.03.2022)[/COLOR]
- novy server
- zmena nacitavania udajov o letakoch
- optimalizacia kvality obrazkov
- zmena formatu z jpg na webp
- pridany filter obchodov - nastavenia
- zmena popisu nazvu letakov
- nove letaky
- prekopanny settings 
- pridana podpora jazykov</news>
            <assets>
                <icon>icon.jpg</icon>
            </assets>
        </extension>
    </addon>
